gian,гиан
general,генерал
royal,роыал
ajur,аюр
craftmate,црафтмате
helly hansen,хеллы хансен
sanabelle,санабелле
l.lambertazzi,л.ламбертаззи
korner,корнер
kaiser,каисер
marques de villanueva,марqуес де виллануева
debeer,дебеер
spri,спри
budweiser,будwеисер
adata,адата
seekf,сеекф
palette,палетте
pelican,пелицан
banderos,бандерос
rainbow english,раинбоw енглиш
helen harper,хелен харпер
schweppes,счwеппес
mitsubishi,мицубиши
bob,боб
blanca,бланца
comix,цомиx
tulips,тулипс
grondard edition,грондард едитион
vortex,вортеx
ginzzu,гинззу
hima,хима
perfolux,перфолуx
rosdot,росдот
yokohama,ыокохама
sanal,санал
konix,кониx
ygk,ыгк
master fresh,мастер фреш
rusco,русцо
diesel,диесел
urm,урм
solo,соло
noreva,норева
dakota,дакота
artistic flair,артистиц флаир
amg,амг
almette,алметте
logic,логиц
via appia due,виа аппиа дуе
fresh step,фреш степ
fristom,фристом
flexi,флеxи
vego,вего
seta,сета
cholimex,чолимеx
pro aqua,про аqуа
senator,сенатор
schwartau,счwартау
dsv,дсв
heattech,хеаттеч
pedigree,педигрее
bio баланс,био баланс
qumo,qумо
cabeus,цабеус
raindrops,раиндропс
romantic,романтиц
palitra,палитра
possris,поссрис
thermex,тхермеx
sanitaplast,санитапласт
bono,боно
clea,цлеа
carlsberg,царлсберг
barbie,барбие
ascania,асцаниа
rean,реан
filtron,филтрон
evo пантенол,ево пантенол
borner,борнер
adek,адек
manitou,манитоу
krafor,крафор
bloomingville,блоомингвилле
sisi,сиси
4сезона,4сезона
babyliss,бабылисс
peak,пеак
merci,мерци
cultura,цултура
winner,wиннер
boss,босс
shiseido,шисеидо
jazzway,яззwаы
element,елемент
intimidea,интимидеа
panna,панна
orlett,орлетт
benefit,бенефит
el fa mei,ел фа меи
wrigley's,wриглеыЬс
flameclub,фламецлуб
espr,еспр
kumon,кумон
avanti,аванти
canpol,цанпол
casio,цасио
delverde,делверде
sunshine,суншине
dockland,доцкланд
briggs,бриггс
merial,мериал
cesu,цесу
dark orchid,дарк орчид
west pharm,wест пхарм
ben 10,бен 10
mobil,мобил
gold mine beer,голд мине беер
lina,лина
docke,доцке
sierra,сиерра
xenta,xента
sprandi,спранди
fisher price,фишер прице
turtle fur,туртле фур
werkel,wеркел
faretti,фаретти
sevenext,севенеxт
autostandart,аутостандарт
excellence,еxцелленце
bitburger,битбургер
sturm,стурм
aberfeldy,аберфелды
ferto,ферто
mjolk,мйолк
l'oreal,лЬореал
teaco,теацо
almador,алмадор
le creuset,ле цреусет
soaked in luxury,соакед ин луxуры
play today,плаы тодаы
familia,фамилиа
kia,киа
jump,юмп
italmac,италмац
hill's,хиллЬс
dor tak,дор так
marzia,марзиа
jean bouchard,йеан боучард
stаbilо,стабило
nesquik,несqуик
orly,орлы
top food,топ фоод
motip,мотип
dog extreme,дог еxтреме
corteco,цортецо
verylube,верылубе
sketch,скетч
absolute,абсолуте
pakro,пакро
babyton city beige,бабытон циты беиге
tondi,тонди
lactica,лацтица
machos,мачос
ballantine's,баллантинеЬс
basik,басик
fantola,фантола
strobbs,строббс
nordway,нордwаы
erlit,ерлит
ergo,ерго
lubby,луббы
mursu,мурсу
iru,иру
bulbless,булблесс
water mark,wатер марк
bimax,бимаx
basic medical,басиц медицал
beppi,беппи
alpenland,алпенланд
kalde,калде
jogel,йогел
kejo,кейо
arton,артон
inblu,инблу
construe,цонструе
lori,лори
vic matie,виц матие
pilguni,пилгуни
forsite,форсите
delonghi,делонгхи
michael aram,мичаел арам
meyle,меыле
higashi,хигаши
ruseff,русефф
inuikii,инуикии
lifexpert,лифеxперт
astoria,асториа
elaria,елариа
maxxpro,маxxпро
jinlihona,йинлихона
yeezy,ыеезы
farm stay,фарм стаы
sun marina kids,сун марина кидс
laurastar,лаурастар
ngk,нгк
kami,ками
lefard,лефард
nukutavake,нукутаваке
luce del sole,луце дел соле
gullon,гуллон
play hit,плаы хит
gerry weber,герры wебер
uno lux,уно луx
zic,зиц
libresse,либрессе
san-slavia,сан-славиа
puff bar,пуфф бар
olsi,олси
benlian,бенлиан
frisco,фрисцо
heller,хеллер
castrol,цастрол
batman,батман
brit premium,брит премиум
hotaka,хотака
road,роад
coompol,цоомпол
passo avanti,пассо аванти
defne,дефне
fanagoria,фанагориа
smail,смаил
pabst blue ribbon,пабст блуе риббон
pinko,пинко
beriotti,бериотти
holl,холл
mr.ricco,мр.риццо
hoyanp,хоыанп
belgian,белгиан
green mountain,греен моунтаин
slavian fest,славиан фест
bebeto,бебето
patrol,патрол
bazioni,базиони
greenwich line,греенwич лине
thomas,тхомас
voksi,вокси
ricco,риццо
richard,ричард
zinger,зингер
kiab,киаб
castor land,цастор ланд
natura siberica,натура сиберица
olivia,оливиа
stern,стерн
elysium,елысиум
ga.ma,га.ма
clever,цлевер
glendronach,глендронач
profresh,профреш
dermal,дермал
piazza italia,пиазза италиа
lom,лом
etam,етам
abu garcia,абу гарциа
ml,мл
creative kitchen,цреативе китчен
shell,шелл
product line,продуцт лине
cobarde el chocolate,цобарде ел чоцолате
demi star,деми стар
yong,ыонг
cy cycle,цы цыцле
eugen klein,еуген клеин
nemoloko,немолоко
fruit-tella,фруит-телла
fubag,фубаг
pepe jeans,пепе йеанс
etude organix,етуде органиx
meshu,мешу
bio max,био маx
rinova,ринова
snips,снипс
lynx auto,лынx ауто
villa blanca,вилла бланца
namazu,намазу
denastia,денастиа
cagliari,цаглиари
inki,инки
tommy hilfiger,томмы хилфигер
bon giorno,бон гиорно
foriste,фористе
happy baby,хаппы бабы
oventrop,овентроп
forester,форестер
republic,републиц
mango kids,манго кидс
apecs,апецс
item,итем
stayer profi,стаыер профи
kilkenny,килкенны
grante,гранте
arta f,арта ф
sunday,сундаы
lui et elle,луи ет елле
zooone,зоооне
bath plus,батх плус
bioni,биони
fischer,фисчер
skinlite,скинлите
sela,села
funday,фундаы
vita,вита
whiskas,wхискас
security force,сецуриты форце
nude,нуде
royale,роыале
caprice,цаприце
omero,омеро
normal,нормал
buro,буро
kudo,кудо
futurino fashion,футурино фашион
doshirak,доширак
mannol,маннол
pamu,паму
organic kitchen,органиц китчен
sanosan,саносан
jameson,ямесон
malaeva,малаева
irga,ирга
krona,крона
wavin,wавин
super step,супер степ
lacoste,лацосте
losk,лоск
levi,леви
indefini,индефини
loro piana,лоро пиана
only,онлы
eleganzza,елеганзза
rivacase,ривацасе
achromin,ачромин
raw life,раw лифе
shary,шары
pro-чипсы,про-чипсы
house,хоусе
barinoff,баринофф
rosme,росме
lm,лм
anagram,анаграм
copic,цопиц
crabgrab,црабграб
bemis,бемис
osram,осрам
proconnect,процоннецт
regatta,регатта
teddy pets,тедды пец
paola ray,паола раы
frosch,фросч
hlv,хлв
sobranie,собрание
garnier,гарниер
renewal,ренеwал
finntrail,финнтраил
venn's,веннЬс
me to you,ме то ыоу
pop it,поп ит
supima,супима
syncwire,сынцwире
sun valley,сун валлеы
ceresit,цересит
blend,бленд
agl,агл
ford,форд
tarczyn,тарцзын
alla pugachova,алла пугачова
leffe,леффе
l'accento,лЬацценто
barrister,барристер
dinitrol,динитрол
lemforder,лемфордер
molicare,молицаре
bleu de chanel,блеу де чанел
valena allure,валена аллуре
aga,ага
air,аир
dolmio,долмио
cloudees,цлоудеес
loch lomond,лоч ломонд
maxler,маxлер
rollerski,роллерски
catrin,цатрин
basia,басиа
carbopol,царбопол
patricia,патрициа
tervolina,терволина
colorika,цолорика
mozartkugeln,мозарткугелн
bon voyage,бон воыаге
tommy,томмы
nordski,нордски
lycon,лыцон
pomato,помато
dr. nikonov,др. никонов
sony,соны
roasted,роастед
mayumi,маыуми
minenko,миненко
la'dor,лаЬдор
humidor,хумидор
melange,меланге
juteks,ютекс
oreanda,ореанда
sts,сц
wolford,wолфорд
arena,арена
aroma rich,арома рич
casta nature,цаста натуре
among us,амонг ус
duro,дуро
moretti,моретти
shimano,шимано
makel,макел
rexxon,реxxон
argo,арго
heyco,хеыцо
geronea,геронеа
rated green,ратед греен
smart cat,смарт цат
showa siko,шоwа сико
topex,топеx
platin,платин
classic,цлассиц
slakon,слакон
valeo,валео
corsendonk,цорсендонк
arko,арко
parme,парме
luminance,луминанце
7 трав,7 трав
bonaqua,бонаqуа
huter,хутер
zenzia,зензиа
genio kids,генио кидс
homeclub,хомецлуб
kronenbourg,кроненбоург
ailena,аилена
frautest,фраутест
sirio,сирио
cerise exquise,церисе еxqуисе
carefree,царефрее
kaprize,капризе
luxor,луxор
kingtony,кингтоны
luminarc,луминарц
sara,сара
frud,фруд
milky way,милкы wаы
arabian secrets,арабиан сецрец
brie,брие
kangaroo,кангароо
conte kids,цонте кидс
rockdale,роцкдале
waterfall,wатерфалл
action,ацтион
kenzo,кензо
gepard,гепард
econ,ецон
krass,красс
zenden first,зенден фирст
tutis,тутис
endorphin,ендорпхин
vitocom,витоцом
koi,кои
step puzzle,степ пуззле
ombra,омбра
homecat,хомецат
psilustr,псилустр
federici,федерици
jardin,ярдин
karl lagerfeld,карл лагерфелд
baron de mermian,барон де мермиан
polaris,поларис
papia,папиа
apollo,аполло
modal,модал
john frieda,йохн фриеда
pf,пф
brauberg,брауберг
rockforce,роцкфорце
alpina,алпина
grand di oliva,гранд ди олива
simpeco,симпецо
firmamento,фирмаменто
colton,цолтон
la mer,ла мер
x-freeze,x-фреезе
quelyd,qуелыд
renault,ренаулт
runis,рунис
clearasil,цлеарасил
metabox,метабоx
aquario,аqуарио
latua,латуа
kores korellos,корес кореллос
flennor,фленнор
rich,рич
tex,теx
rivoli,риволи
harbin,харбин
stl,стл
lukoil,лукоил
say it,саы ит
k2,к2
cavel,цавел
ecofood,ецофоод
candy,цанды
bion,бион
remer,ремер
rioba,риоба
uhu creativ,уху цреатив
candy roll,цанды ролл
belweder,белwедер
pepsi cola,пепси цола
all inclusive,алл инцлусиве
kit kat,кит кат
vilenta,вилента
fruktomania,фруктоманиа
pausa,пауса
clean & fresh,цлеан & фреш
axel,аxел
grey,греы
dewal,деwал
monoflex,монофлеx
londacolor,лондацолор
maybelline,маыбеллине
nicoband,ницобанд
mabroc,маброц
jet`s,йет`с
chateau fleur,чатеау флеур
intex,интеx
bronco,бронцо
powerup,поwеруп
tubble gum,туббле гум
knauf,кнауф
sufeiya,суфеиыа
prof,проф
cham,чам
lancome,ланцоме
keddo,кеддо
roy robson,роы робсон
galaxy,галаxы
studio,студио
green coast,греен цоаст
jlab,йлаб
eurogold,еуроголд
little mistress,литтле мистресс
valfex,валфеx
ellazan,еллазан
shennun,шеннун
pyrex,пыреx
anskin,анскин
savage,саваге
jbl,йбл
world famous tattoo ink,wорлд фамоус таттоо инк
nexen,неxен
cif,циф
magnus profi,магнус профи
fournier,фоурниер
listok,листок
etika,етика
calzet,цалзет
cityup,цитыуп
boxberry,боxберры
daffi,даффи
tchibo,тчибо
iceberg,ицеберг
patrisa nail,патриса наил
mps,мпс
oldenburger,олденбургер
steel will,стеел wилл
teslaft,теслафт
voopoo,воопоо
avent,авент
alpaca story,алпаца сторы
5 морей,5 морей
haisser,хаиссер
northland,нортхланд
forest,форест
unio,унио
airsun,аирсун
babyton,бабытон
amore,аморе
asakashi,асакаши
play,плаы
tammy tanuka sigil inspired,таммы танука сигил инспиред
agrado,аградо
johnnie walker,йохнние wалкер
mixo,миxо
michael kors,мичаел корс
done deal,доне деал
deha,деха
bic,биц
blacksi,блацкси
force,форце
maestro de oliva,маестро де олива
explorer,еxплорер
step up,степ уп
gigabyte,гигабыте
one&only,оне&онлы
luk,лук
pinwheel,пинwхеел
lexida,леxида
hask,хаск
akasa,акаса
juno,юно
odyssey,одыссеы
energizer,енергизер
tomatti,томатти
rocket soap,роцкет соап
bio mio,био мио
redius,редиус
barbera,барбера
italwax,италwаx
cosmetic cuisine,цосметиц цуисине
icebear,ицебеар
salmo,салмо
mila,мила
inoface,инофаце
4life,4лифе
dahua,дахуа
pilorama,пилорама
corifei,цорифеи
bioaqua,биоаqуа
rexant,реxант
juicy cream,юицы цреам
vs,вс
bols,болс
bondis,бондис
cernovar,церновар
strongbow,стронгбоw
frazier,фразиер
eco-botanica,ецо-ботаница
mon mua,мон муа
panda,панда
ferplast,ферпласт
pump up,пумп уп
kelme,келме
play & bath,плаы & батх
prado,прадо
milabel,милабел
diva`s bag,дива`с баг
nunbell,нунбелл
bamboo cutting,бамбоо цуттинг
sochi autodrom,сочи аутодром
makita,макита
peter peat,петер пеат
iqos,иqос
pet fashion,пет фашион
clear,цлеар
edea,едеа
valle mitto,валле митто
bravo,браво
egoiste,егоисте
intel,интел
plast team polar,пласт теам полар
parrot,паррот
bifrut,бифрут
life,лифе
merries,мерриес
arbiton,арбитон
zatecky gus,затецкы гус
mivimex,мивимеx
pussy-cat,пуссы-цат
raffer,раффер
v-fit,в-фит
estel,естел
workmate,wоркмате
njn,нйн
mega drive,мега дриве
bbb,ббб
golden snail,голден снаил
king coffee,кинг цоффее
violette,виолетте
bon aqua,бон аqуа
zakka,закка
racing,рацинг
monster high,монстер хигх
santolino,сантолино
yarn art,ыарн арт
m-per-l,м-пер-л
the lord salt,тхе лорд салт
kitkat,киткат
krusovice,крусовице
forza,форза
kameo-bis,камео-бис
tangle teezer,тангле теезер
chabacco,чабаццо
lorado,лорадо
carson,царсон
top house,топ хоусе
megabass,мегабасс
evi professional,еви профессионал
green king,греен кинг
salizink,сализинк
nature,натуре
newby,неwбы
baykar,баыкар
daniks,даникс
leco,лецо
casa stockmann,цаса стоцкманн
kos,кос
nokk myrs,нокк мырс
canyon,цаныон
farmina,фармина
puritea,пуритеа
dolce albero,долце алберо
pleomax,плеомаx
asa,аса
coralline,цораллине
kiki,кики
be smart,бе смарт
dekoron,декорон
hdfreza,хдфреза
starlet,старлет
vestar,вестар
infinity lingerie,инфиниты лингерие
emmi,емми
ayo,аыо
karmy,кармы
molinea,молинеа
biomechanics,биомечаницс
lynx,лынx
pepe,пепе
barontini,баронтини
office clean,оффице цлеан
lei,леи
high commissioner,хигх цоммиссионер
uncle bens,унцле бенс
bisquini,бисqуини
silhouette,силхоуетте
belino,белино
fitness formula,фитнесс формула
philippe matignon,пхилиппе матигнон
berkemann hassel,беркеманн хассел
kores,корес
pull love,пулл лове
oregon,орегон
komanchi,команчи
ekel,екел
elmex,елмеx
image,имаге
g-energy,г-енергы
richmond,ричмонд
ninelle,нинелле
kaviel,кавиел
glissade,глиссаде
profiwood,профиwоод
acrilico,ацрилицо
birkenstock,биркенстоцк
romeo e giulietta,ромео е гиулиетта
damavik,дамавик
chaoyang,чаоыанг
bershka,бершка
haier,хаиер
tulip,тулип
top model,топ модел
parlo,парло
vival,вивал
tf,тф
ek,ек
borg,борг
elizavecca,елизавецца
mirax,мираx
lusso,луссо
melania,меланиа
united colors of benetton,унитед цолорс оф бенеттон
transmaster,трансмастер
good steak,гоод стеак
burenka club,буренка цлуб
proraso,прорасо
h-orl,х-орл
dainese,даинесе
vision,висион
vita pelle,вита пелле
kawaii factory,каwаии фацторы
prosecco,просеццо
hankook,ханкоок
fertika,фертика
creative,цреативе
grizzon,гриззон
giardino club,гиардино цлуб
zarina,зарина
decola,децола
l&m,л&м
luxo,луxо
hugo boss,хуго босс
arduino,ардуино
palama,палама
head,хеад
fairy,фаиры
ralph,ралпх
ariston,аристон
jack,яцк
parlament,парламент
sunfeel,сунфеел
reinwell,реинwелл
clever wear,цлевер wеар
portmeirion,портмеирион
ballin,баллин
bonfils,бонфилс
sebastea,себастеа
le petit marseillais,ле петит марсеиллаис
sun one,сун оне
werter berger,wертер бергер
artspace,арцпаце
hammer,хаммер
infinity kids,инфиниты кидс
cinzano,цинзано
tess,тесс
geburt,гебурт
osko,оско
sandro ferrone,сандро ферроне
gelato,гелато
office space,оффице спаце
nivea,нивеа
evian,евиан
australian bush flower essences,аустралиан буш флоwер ессенцес
carat,царат
kivat,киват
accessories,аццессориес
prima nova,прима нова
sangusto,сангусто
plast team,пласт теам
ultimax,ултимаx
vinut,винут
kingfisher,кингфишер
bbk,ббк
aro,аро
nissan,ниссан
eltrans,елтранс
berlingo,берлинго
hansa,ханса
weiss berg,wеисс берг
good cat,гоод цат
ralf ringer,ралф рингер
ffleur,ффлеур
glossy,глоссы
shаrрie,шаррие
moda sincera,мода синцера
naturella,натурелла
anna,анна
chirton,чиртон
home,хоме
sapfire,сапфире
gourmet,гоурмет
cornette,цорнетте
palm,палм
dr korner,др корнер
sta,ста
sanfor,санфор
pier,пиер
sivik,сивик
belcando,белцандо
martini,мартини
di&di,ди&ди
termit,термит
botanica,ботаница
yes,ыес
espra,еспра
bonibelle,бонибелле
johnsons,йохнсонс
oklick,оклицк
nokian,нокиан
ltb,лтб
velle,велле
rock force,роцк форце
happy country,хаппы цоунтры
hammer flex,хаммер флеx
togas,тогас
maxwall,маxwалл
deonica,деоница
dnc,днц
schwarzkopf,счwарзкопф
uhu,уху
topmed,топмед
icase,ицасе
boxer,боxер
paw patrol,паw патрол
brusko,бруско
toothpick,тоотхпицк
san benedetto,сан бенедетто
mepsi,мепси
ex nihilo,еx нихило
rene santi,рене санти
neil barrett,неил барретт
rese,ресе
ferrero,ферреро
fissman,фиссман
primebar,примебар
hit,хит
7 days,7 даыс
etre,етре
terminator,терминатор
timezone,тимезоне
dies,диес
lipton,липтон
vogt medical,вогт медицал
brooks,броокс
defacto,дефацто
helcom,хелцом
mercurino,мерцурино
butterfly,буттерфлы
iq beauty,иq беауты
nibk,нибк
descente,десценте
black star burger,блацк стар бургер
strike pro jumper,стрике про юмпер
unibob,унибоб
unex,унеx
rond,ронд
clipstudio,цлипстудио
noqo,ноqо
sampa,сампа
solomeya,соломеыа
uvex,увеx
mucho mas,мучо мас
maped,мапед
zodiac,зодиац
corsar,цорсар
cotto fleur,цотто флеур
aroy-d,ароы-д
m&m,м&м
prodive,продиве
grand line,гранд лине
felix,фелиx
diora.rim,диора.рим
marie,марие
smoothie,смоотхие
cl,цл
fun ecotex,фун ецотеx
art wtr,арт wтр
nuxe,нуxе
calista,цалиста
ravenol,равенол
kaftan,кафтан
gimcat,гимцат
flatter,флаттер
dewalt,деwалт
sks airkompressor,скс аиркомпрессор
hunny mammy,хунны маммы
iposea,ипосеа
inral,инрал
novelia,новелиа
adidas,адидас
meilleur,меиллеур
bawangying,баwангыинг
sniezka,сниезка
grendy,гренды
sova,сова
otto,отто
deconika,децоника
merrell,меррелл
radeberger,радебергер
fit parad,фит парад
tofita,тофита
zarka,зарка
line,лине
williams royal ceylon,wиллиамс роыал цеылон
sky lake,скы лаке
cutop,цутоп
tetra,тетра
lyambda,лыамбда
profil,профил
cablexpert,цаблеxперт
massimo,массимо
gala,гала
bambinizon,бамбинизон
aoc,аоц
adidas originals,адидас оригиналс
syoss,сыосс
posh,пош
kejo foods,кейо фоодс
bond,бонд
collar,цоллар
basilur,басилур
akira,акира
fifa,фифа
tusa energy,туса енергы
vardagen,вардаген
laro,ларо
green idea,греен идеа
logitech,логитеч
bironi,бирони
crystal heart,црыстал хеарт
cycledesign,цыцледесигн
ibanez,ибанез
chelti,челти
fuhua,фухуа
krombacher pils,кромбачер пилс
swag,сwаг
cbr,цбр
tukzar,тукзар
maltesers,малтесерс
sunline,сунлине
avers,аверс
andros,андрос
wohlmuth,wохлмутх
celebrat,целебрат
cristo twisto,цристо тwисто
sparta,спарта
miravent,миравент
hans,ханс
carrara,царрара
petmax,петмаx
cat step,цат степ
headman,хеадман
kikkoman,киккоман
patriot,патриот
seb,себ
collecta,цоллецта
mekk,мекк
dva bobra,два бобра
hohland,хохланд
dixi coat,диxи цоат
vero,веро
lecar,лецар
maytoni,маытони
somersby,сомерсбы
bg,бг
paaz,пааз
lonsdale,лонсдале
cross,цросс
bridor,бридор
ladecor,ладецор
angry birds,ангры бирдс
picnic,пицниц
formula q8,формула q8
ecopol,ецопол
pekah,пеках
white horse,wхите хорсе
erteks,ертекс
screechers wild,сцреечерс wилд
esthetic house,естхетиц хоусе
bibs,бибс
voda,вода
corado de tore,цорадо де торе
dogman,догман
izod,изод
hagwert,хагwерт
ruta,рута
hi,хи
neo mint,нео минт
skywer,скыwер
beerka,беерка
bocciolo,боцциоло
canni shellac,цанни шеллац
zeffo,зеффо
dear molly,деар моллы
oysho,оышо
asam,асам
quality,qуалиты
pompea,помпеа
macchocolate,мацчоцолате
bmw,бмw
swissgear,сwиссгеар
hugo,хуго
jadea,ядеа
zari,зари
amsterdam,амстердам
rosanna,росанна
tide,тиде
actibo,ацтибо
oltermanni,олтерманни
molly,моллы
stilerra,стилерра
vgt,вгт
lemmo,леммо
il primo,ил примо
kamis,камис
bligny,блигны
pure water,пуре wатер
windsor,wиндсор
redmond,редмонд
robiton,робитон
atlas,атлас
ecola,ецола
ritta romani,ритта романи
boomzеe,боомзее
sonno,сонно
medooza,медооза
lol,лол
attiny,аттины
respect,респецт
ovk design,овк десигн
unitile,унитиле
profilux,профилуx
wurth,wуртх
keil,кеил
protherm,протхерм
fit,фит
nano organic,нано органиц
thetford,тхетфорд
brimix,бримиx
dorina,дорина
ben&anna,бен&анна
tissot,тиссот
serg garbo,серг гарбо
coca-cola,цоца-цола
volpato,волпато
happy nut,хаппы нут
oodji,оодйи
lorex,лореx
grape,грапе
chatte,чатте
sun,сун
nike,нике
mikado,микадо
new wood,неw wоод
koh-i-noor,кох-и-ноор
l'oreal paris,лЬореал парис
alber,албер
ionich,ионич
ola,ола
divage,диваге
proflex,профлеx
oldos,олдос
festool,фестоол
deso,десо
sublevel,сублевел
bordo,бордо
sunwind,сунwинд
iska,иска
genica,геница
proton,протон
mdh,мдх
fit plan,фит план
wimar,wимар
permatex,перматеx
oliver,оливер
chappi,чаппи
coolpack,цоолпацк
harpoon,харпоон
ns,нс
sparky,спаркы
mazari,мазари
luxoil,луxоил
hobby&pro,хоббы&про
banuti,банути
mini me,мини ме
drive,дриве
el fresco,ел фресцо
pentart,пентарт
sorti,сорти
vag,ваг
issey miyake,иссеы миыаке
airwool,аирwоол
raid,раид
kidy'grip,кидыЬгрип
narval,нарвал
nextemp,неxтемп
nest lock,нест лоцк
sinikon,синикон
paul john,паул йохн
oribe,орибе
track,трацк
riolis,риолис
jack&jones,яцк&йонес
novacutan,новацутан
green mama,греен мама
salina,салина
penosil,пеносил
craft beer master,црафт беер мастер
nova,нова
emporda,емпорда
focusray,фоцусраы
tochka opory,точка опоры
feretti,феретти
sicao,сицао
pierre cardin,пиерре цардин
fun time,фун тиме
ronny,ронны
corvus,цорвус
snow,сноw
bitey,битеы
salwadore,салwадоре
knopa,кнопа
asus,асус
la pina,ла пина
galeo,галео
cherubino,черубино
piedmont,пиедмонт
vитамин,витамин
artie,артие
faktura,фактура
sonnen,соннен
repti planet,репти планет
touch gold,тоуч голд
fine joyce,фине йоыце
7up,7уп
fresh bar,фреш бар
kms,кмс
lavelle,лавелле
elring,елринг
riondo,риондо
nordside,нордсиде
mea natura,меа натура
li-ly,ли-лы
tempus,темпус
air optix,аир оптиx
deuter,деутер
shake,шаке
san remo,сан ремо
satoshi,сатоши
bacardi,бацарди
hoco,хоцо
mattpear,маттпеар
mitte,митте
silver,силвер
fаbеr сastell,фабер састелл
bonavi,бонави
gloria de luna,глориа де луна
silk,силк
esprit,есприт
biogourmet,биогоурмет
bach,бач
artberry,артберры
saкura,сакура
foton,фотон
aviakomp,авиакомп
neo,нео
dawn,даwн
aveo,авео
mddi,мдди
lutik,лутик
zara,зара
castorland,цасторланд
fritto-appetito,фритто-аппетито
fine,фине
avs,авс
pasta zara,паста зара
levi's,левиЬс
festa la vista,феста ла виста
franziskaner,франзисканер
vtr,втр
hqd,хqд
pietra bianca,пиетра бианца
bronze,бронзе
eva mosaic,ева мосаиц
liz,лиз
witerra,wитерра
conte elegant,цонте елегант
aquanika,аqуаника
clipper,цлиппер
paulig,паулиг
doritos,доритос
leraton,лератон
happy cat,хаппы цат
frunel,фрунел
art berry,арт берры
beauty,беауты
zolla,золла
bradex,брадеx
brave soul,браве соул
alex,алеx
sintec lux,синтец луx
starkoff,старкофф
legrand,легранд
grimbergen,гримберген
erich krause,ерич краусе
borasco,борасцо
marvel,марвел
hardy,харды
taifun,таифун
icepeak,ицепеак
angelato,ангелато
brit,брит
lucia,луциа
dexx,деxx
targ,тарг
yolo,ыоло
nixon,ниxон
argus,аргус
bogi,боги
superdry,супердры
erzmann,ерзманн
cyclone,цыцлоне
ecce,ецце
ltc,лтц
gutenberg,гутенберг
vileda,виледа
nsz,нсз
happy lunch,хаппы лунч
fiberon,фиберон
safeline,сафелине
marc,марц
decart,децарт
relaxsan,релаxсан
infolio,инфолио
akitaka,акитака
mysalt,мысалт
cillit bang,циллит банг
stur,стур
body,боды
spoom,споом
eos,еос
swarovski,сwаровски
blanche de namur,бланче де намур
mintorol,минторол
tnl,тнл
simon scott,симон сцотт
nouvelle,ноувелле
basir,басир
roksan,роксан
itlv,итлв
grolsch,гролсч
happy dog,хаппы дог
3 fish,3 фиш
belux,белуx
palisad,палисад
francesco molinary,францесцо молинары
tom tailor,том таилор
nuk,нук
ekzo,екзо
outventure,оутвентуре
swell,сwелл
stabila,стабила
pumo,пумо
monin,монин
bionova,бионова
asian fusion,асиан фусион
dell,делл
zazu,зазу
linen,линен
falco,фалцо
dresspark,дресспарк
noyan,ноыан
landor,ландор
globus,глобус
buono,буоно
compeed,цомпеед
grinda,гринда
ap,ап
fancy,фанцы
fish,фиш
bohrer,бохрер
naturfoods,натурфоодс
jr korner,йр корнер
dizao,дизао
grace,граце
mirlon,мирлон
avene,авене
suzuki,сузуки
kinder,киндер
neolook,неолоок
nordic,нордиц
green label,греен лабел
trix,триx
chammy,чаммы
design,десигн
gelsomino,гелсомино
iveria,ивериа
weldtite,wелдтите
meine liebe,меине лиебе
tello,телло
este,есте
gallina blanca,галлина бланца
nimar,нимар
narva,нарва
mikkeller,миккеллер
samjin,самйин
nobbaro,ноббаро
vanish,ваниш
hasbro,хасбро
barbara lebek,барбара лебек
salomon,саломон
heets,хеец
sarma,сарма
vogue,вогуе
clip studio,цлип студио
fazer,фазер
emi,еми
dasti,дасти
nattou,наттоу
grosshaus,гросшаус
topshop,топшоп
tip-top,тип-топ
meizer,меизер
kracks,крацкс
spacer,спацер
bison,бисон
alan bray,алан браы
symphony expert,сымпхоны еxперт
oleo,олео
gjo.e,гйо.е
gap,гап
reni,рени
berg,берг
parliament,парлиамент
corsair,цорсаир
ailand,аиланд
kiabi,киаби
soyka,соыка
emile et ida,емиле ет ида
genioliva,гениолива
azercay,азерцаы
vista-artista,виста-артиста
nosize,носизе
primo passo,примо пассо
epson,епсон
palladium,палладиум
shustoff,шустофф
vaga,вага
katlen,катлен
colibri,цолибри
panmila,панмила
mancera,манцера
safari,сафари
violet,виолет
calzetti,цалзетти
centrum,центрум
amrus,амрус
avikomp,авикомп
house lux,хоусе луx
rc,рц
jetapro,йетапро
pacheca,пачеца
wonder lab,wондер лаб
sibiria,сибириа
fiori dea,фиори деа
hello kitty,хелло китты
rita bravuro,рита бравуро
ollin,оллин
tesoro,тесоро
rainbоw,раинбоw
day2day,даы2даы
ariete,ариете
superfresh,суперфреш
friskies,фрискиес
jack jones,яцк йонес
just drive,юст дриве
love republic,лове републиц
atlasdesign,атласдесигн
interos,интерос
beeztees,беезтеес
maxi chips,маxи чипс
farres,фаррес
polystyl,полыстыл
doctor wax,доцтор wаx
plum,плум
rusocks,русоцкс
kraftool,крафтоол
golden key,голден кеы
optima,оптима
toybox,тоыбоx
faber-castell,фабер-цастелл
naturals,натуралс
carlson,царлсон
impresso,импрессо
mothercare,мотхерцаре
endever,ендевер
fuze tea,фузе теа
esselte,есселте
jovi,йови
gillette,гиллетте
tramp,трамп
48 копеек,48 копеек
soy,соы
incanto,инцанто
givenchy,гивенчы
doloni,долони
lauma,лаума
axiom,аxиом
elf,елф
sitekmed,ситекмед
profitec,профитец
beauty style,беауты стыле
staleks,сталекс
marty ray,марты раы
casa rinaldi,цаса риналди
fito,фито
bioderma,биодерма
tamaris,тамарис
valleya,валлеыа
caprette,цапретте
master shape,мастер шапе
london pride,лондон приде
greenfield,греенфиелд
knorr,кнорр
green tea,греен теа
imocean,имоцеан
beurer,беурер
ergolux,ерголуx
jack daniels,яцк даниелс
te gusto,те густо
calve,цалве
christian dior,чристиан диор
mercury,мерцуры
lucky john,луцкы йохн
gates,гатес
ritter sport,риттер спорт
forio,форио
principe di bologna,принципе ди бологна
okasi,окаси
alpen gold,алпен голд
frap,фрап
trabanco,трабанцо
dove promises,дове промисес
tensy flame,тенсы фламе
walmer,wалмер
tech krep,теч креп
tampax,тампаx
lakanto,лаканто
autoexpert,аутоеxперт
titania,титаниа
sephora,сепхора
nothing but love,нотхинг бут лове
reima,реима
velaner,веланер
t.taccardi,т.таццарди
merlet,мерлет
tefia,тефиа
perifocal,перифоцал
eleaf,елеаф
schloss,счлосс
lanetti,ланетти
spar,спар
bolsius,болсиус
perfect fit,перфецт фит
roxa,роxа
omachi,омачи
mirto,мирто
demarco,демарцо
sofia,софиа
garden dreams,гарден дреамс
vis-a-vis,вис-а-вис
revolution,револутион
caleo,цалео
lays,лаыс
emanuele gelmetti,емануеле гелметти
camille,цамилле
marlin`s,марлин`с
philips,пхилипс
zlatka,златка
acoola,ацоола
gold,голд
bruynzeel,бруынзеел
milv,милв
coca cola,цоца цола
vester,вестер
glade,гладе
olymp,олымп
rings screw,рингс сцреw
schott zwiesel,счотт зwиесел
miss,мисс
coquerel,цоqуерел
chateau tamagne,чатеау тамагне
epica,епица
milano,милано
kinderline,киндерлине
bona vita,бона вита
wilson,wилсон
ganimet,ганимет
chapman,чапман
mixton,миxтон
ortmann,ортманн
wind rose,wинд росе
york fresh,ыорк фреш
evo,ево
monte choco,монте чоцо
kovea,ковеа
euroclean,еуроцлеан
solifleur,солифлеур
luxury,луxуры
teskom,теском
cottus,цоттус
mallony,маллоны
kerastase,керастасе
tokyo,токыо
mentos,ментос
vera mont,вера монт
guylian,гуылиан
roma,рома
mondor,мондор
paul&shark,паул&шарк
tajima,тайима
lutti,лутти
wd-40,wд-40
hartmann,хартманн
vaillant,ваиллант
dora,дора
calpe,цалпе
goot,гоот
max factor,маx фацтор
schogetten,счогеттен
reusch,реусч
pm,пм
froggi,фрогги
alla buone,алла буоне
maestro gusten,маестро густен
bahroma,бахрома
joyskin,йоыскин
help,хелп
dongil,донгил
edel cat,едел цат
abrahalls,абрахаллс
sangam herbals,сангам хербалс
sandisk,сандиск
japanparts,япанпарц
pero,перо
daniel,даниел
miracle,мирацле
maillefer,маиллефер
fm,фм
transcend,трансценд
organic shop,органиц шоп
ostendorf,остендорф
odri,одри
vita energy,вита енергы
toblerone,тоблероне
royal canin,роыал цанин
novattro,новаттро
domestos,доместос
dmc,дмц
yota,ыота
maretti,маретти
azelit,азелит
absolut,абсолут
ugears,угеарс
d-c-fix,д-ц-фиx
dekorelle,декорелле
champagne,чампагне
corline,цорлине
fa,фа
freshclub,фрешцлуб
horeca select,хореца селецт
luxlite,луxлите
dream,дреам
eurohouse,еурохоусе
olmio,олмио
cosmofen,цосмофен
mvi,мви
muf,муф
coquet,цоqует
coco,цоцо
hatber,хатбер
cimmeria,циммериа
pupa,пупа
bas,бас
dori,дори
nice foods,нице фоодс
fresh neutral,фреш неутрал
blend-a-med,бленд-а-мед
saphir,сапхир
yokohama geolandar,ыокохама геоландар
weiste,wеисте
noisy may,ноисы маы
koronet,коронет
pstrom,пстром
dare,даре
profi line,профи лине
lago,лаго
dmsj,дмсй
ecoterra,ецотерра
kent,кент
always,алwаыс
marc jacobs,марц яцобс
the bristol,тхе бристол
ganzo,ганзо
ctm,цтм
lowenbrau,лоwенбрау
befree,бефрее
starex,стареx
alwio,алwио
laines du nord,лаинес ду норд
saito,саито
maxwells,маxwеллс
htea,хтеа
jmsolution,ймсолутион
colgate,цолгате
vitavet,витавет
berger,бергер
weizen,wеизен
animal play,анимал плаы
eska,еска
babyfox,бабыфоx
bon appetit,бон аппетит
isa dora,иса дора
dkny,дкны
topperr,топперр
carmani,цармани
stout,стоут
kortex,кортеx
monster energy,монстер енергы
bers,берс
onnuri,оннури
instreet,инстреет
dermagrip,дермагрип
lino,лино
gold mill,голд милл
forward,форwард
liqui moly,лиqуи молы
adrenaline,адреналине
rode,роде
wake,wаке
soj,сой
halls,халлс
garden,гарден
sunstep,сунстеп
bauer,бауер
silkoplast,силкопласт
esko,еско
gant,гант
hills,хиллс
vans,ванс
sonna mera,сонна мера
persil,персил
darbo,дарбо
stanley,станлеы
lee,лее
nuts,нуц
prof press,проф пресс
kukmara,кукмара
bpw,бпw
gidrolica rain,гидролица раин
terraсо,террасо
kreda,креда
rupes,рупес
uniel,униел
startul,стартул
motorola,моторола
absolute invisible,абсолуте инвисибле
liker,ликер
lenovo,леново
clinique,цлиниqуе
alerana,алерана
klorane,клоране
freestyle,фреестыле
powercom,поwерцом
esse,ессе
armenia,армениа
pasabahce,пасабахце
londa,лонда
choupette,чоупетте
vicenta,вицента
tropiclean,тропицлеан
ostin,остин
vici,вици
lillia lottie,лиллиа лоттие
bucheron,бучерон
erismann,ерисманн
augustiner,аугустинер
nk,нк
navig,навиг
omsa,омса
victorinox,вицториноx
hoff,хофф
stels,стелс
sugar loaf,сугар лоаф
alca,алца
mimic,мимиц
active,ацтиве
mr proper,мр пропер
egoist,егоист
vila,вила
fresco,фресцо
kinex,кинеx
meglias,меглиас
sofi de marko,софи де марко
ketell master,кетелл мастер
natu,нату
henri mounier,хенри моуниер
mustang,мустанг
celltix,целлтиx
pluvium,плувиум
rothmans royals,ротхманс роыалс
montone,монтоне
gedeon richter,гедеон ричтер
eskaboard,ескабоард
clearlight,цлеарлигхт
ariel,ариел
isegrim,исегрим
victorias secret,вицториас сецрет
baby toys,бабы тоыс
julius meinl,юлиус меинл
docile,доциле
lavel,лавел
vite,вите
chikalab,чикалаб
zenden,зенден
dorogobogato,дорогобогато
mansita,мансита
wasa,wаса
tebo,тебо
cosmos,цосмос
mad beauty,мад беауты
flamma,фламма
olecolor,олецолор
kenli,кенли
vizit,визит
cleanelly,цлеанеллы
mosc,мосц
arco,арцо
desty,десты
saivvila,саиввила
trodos,тродос
west compact,wест цомпацт
infinity,инфиниты
gerhort,герхорт
calvin klein,цалвин клеин
trussardi,труссарди
reoflex,реофлеx
elma,елма
krylоn,крылон
johnshen,йохншен
maccallister,маццаллистер
erhaft,ерхафт
averbode,авербоде
yada,ыада
sour storm,соур сторм
luckyland,луцкыланд
yoshi onyx,ыоши оныx
2hands,2хандс
gsw,гсw
ks,кс
rafael salgado,рафаел салгадо
nero giardini,неро гиардини
hend,хенд
oral-b,орал-б
bayer,баыер
goodyear,гоодыеар
iberica,иберица
owner,оwнер
ppure,ппуре
synergetic,сынергетиц
bona forte,бона форте
cortese,цортесе
archyland,арчыланд
moleskine,молескине
exxe,еxxе
vagabond,вагабонд
lamel,ламел
decorix,децориx
ventoe,вентое
botanika,ботаника
largo,ларго
spark lux,спарк луx
lamark,ламарк
stelmas,стелмас
seaflo,сеафло
top secret,топ сецрет
ufeelgood,уфеелгоод
jet s,йет с
eco-conception,ецо-цонцептион
exegate,еxегате
parodontax,пародонтаx
dentelle,дентелле
aywiparts,аыwипарц
elmika,елмика
smoking,смокинг
koto,кото
neobiotech,необиотеч
taft,тафт
triol,триол
ovs,овс
polcar,полцар
la trattoria,ла тратториа
epica bouquet,епица боуqует
krasar,красар
antella,антелла
estia,естиа
fit mix,фит миx
wellfix,wеллфиx
roberto,роберто
gazpromneft,газпромнефт
dita,дита
discovery ink,дисцоверы инк
teekanne,тееканне
sti,сти
energy,енергы
helios,хелиос
clariss,цларисс
heineken,хеинекен
karmeliten,кармелитен
schleich,счлеич
lador,ладор
microblock,мицроблоцк
o'stin,оЬстин
montale,монтале
sauvage,сауваге
bergen,берген
fender,фендер
destra,дестра
make up for ever,маке уп фор евер
marvis,марвис
martini bianco,мартини бианцо
vital,витал
aqa baby,аqа бабы
alize,ализе
bunny,бунны
cariba,цариба
wenzhou,wенжоу
nanotec,нанотец
guinness,гуиннесс
spring,спринг
esli,если
vivienne sabo,вивиенне сабо
dr pepper,др пеппер
duomed,дуомед
economy,ецономы
maxxis,маxxис
aaquamarina,ааqуамарина
johnson,йохнсон
hatsan,хацан
realy fifty,реалы фифты
shure,шуре
alessio nesca,алессио несца
sluban,слубан
welly,wеллы
punch,пунч
edgar mouline,едгар моулине
pezzo,пеззо
jp-jig,йп-йиг
ms.kiss,мс.кисс
egger,еггер
ova,ова
tena,тена
paraut,параут
mb,мб
khadi papers,кхади паперс
himalaya,хималаыа
libero,либеро
kruzhevo,кружево
corte dei rovi,цорте деи рови
aldo,алдо
san carlo,сан царло
lloyd,ллоыд
organic middle,органиц миддле
blade style,бладе стыле
futurino,футурино
joss,йосс
for my dogs,фор мы догс
human being,хуман беинг
amplifi,амплифи
maitre de sucre,маитре де суцре
fruttis,фруттис
camay,цамаы
milavitsa,милавица
oreo,орео
feilong,феилонг
grass,грасс
cosy,цосы
masala traders,масала традерс
tefal,тефал
gjw,гйw
trefl,трефл
norfin,норфин
pier luigi,пиер луиги
tarkett,таркетт
totachi,тотачи
insight,инсигхт
granit,гранит
tu,ту
le muar,ле муар
leopard,леопард
chloe,члое
formiga,формига
aqa,аqа
ranaplast,ранапласт
grand heritage,гранд херитаге
prisma,присма
epos,епос
prosto,просто
loreal,лореал
tatti,татти
ovuplan,овуплан
hortex,хортеx
bml,бмл
trixie,триxие
skechers,скечерс
arome le comptoir de paris,ароме ле цомптоир де парис
papstar,папстар
evitest,евитест
nordman,нордман
odel,одел
cotland,цотланд
electrolux,елецтролуx
tomo,томо
tex stern,теx стерн
terre di regalmonte,терре ди регалмонте
bugatti,бугатти
moutarderie,моутардерие
padovan,падован
true weight,труе wеигхт
sft,сфт
robot trains,робот траинс
hg,хг
ameri,амери
santo stefano,санто стефано
blossom,блоссом
mukunghwa,мукунгхwа
lanos,ланос
peha haft,пеха хафт
defa,дефа
ozone,озоне
luazon,луазон
banger,бангер
abricot,абрицот
masil,масил
hollandia,холландиа
calzedonia,цалзедониа
dhx,дхx
appetite,аппетите
vernet,вернет
naturel,натурел
spyder,спыдер
zoom,зоом
marpe,марпе
my broo,мы броо
o'zera,оЬзера
miradent,мирадент
ducray sensinol,дуцраы сенсинол
matisso,матиссо
aravia,аравиа
jumex,юмеx
binggrae,бингграе
consumed,цонсумед
kingston,кингстон
clan macgregor,цлан мацгрегор
lexline,леxлине
dr.korner,др.корнер
schaub lorenz,счауб лоренз
airline,аирлине
zoomaster,зоомастер
fantasy,фантасы
elle,елле
kumfo,кумфо
lime,лиме
mei,меи
tnl professional,тнл профессионал
ctr,цтр
maggi,магги
zott,зотт
olimp,олимп
ecotope,ецотопе
satya,сатыа
ellis cosmetic,еллис цосметиц
perrier,перриер
free fruit,фрее фруит
gross,гросс
lalafan,лалафан
vesta,веста
oroblu,ороблу
garage,гараге
genshin impact,геншин импацт
juguni,югуни
gipfel,гипфел
dannemann,даннеманн
nespresso,неспрессо
febi,феби
organic beauty,органиц беауты
pera,пера
baruto,баруто
sw sport,сw спорт
funky toys,функы тоыс
playgo,плаыго
venus,венус
nestea,нестеа
metylan,метылан
yopokki,ыопокки
supra,супра
navy,навы
freeдом,фреедом
conte motive,цонте мотиве
norveg,норвег
collonil,цоллонил
dia lace towa,диа лаце тоwа
cracpot,црацпот
comma,цомма
itap,итап
centropen,центропен
escada,есцада
robby,роббы
cyclamen,цыцламен
axiopress,аxиопресс
weleda,wеледа
cheetos,чеетос
tiziana,тизиана
marlboro,марлборо
vegda,вегда
djazzy,дяззы
moro,моро
jacobs,яцобс
buzzulez,буззулез
emer,емер
assorti,ассорти
toolberg,тоолберг
leki,леки
l`oreal,л`ореал
aim,аим
new balance,неw баланце
prima,прима
zippo,зиппо
cafe creme,цафе цреме
smd,смд
elitech,елитеч
prada,прада
geox,геоx
giovanni fabiani,гиованни фабиани
huayu,хуаыу
sifon,сифон
whistles,wхистлес
total quartz,тотал qуартз
electro,елецтро
edc,едц
be kind,бе кинд
dentalux,денталуx
sfm hospital products gmbh,сфм хоспитал продуцц гмбх
vivanco,виванцо
falke,фалке
straumann,страуманн
mrs,мрс
gorilla,горилла
lion,лион
lc flower,лц флоwер
passatore,пассаторе
j7,й7
hot wheels,хот wхеелс
top gear,топ геар
bavaria freedom car,бавариа фреедом цар
mq eerie,мq еерие
limerick,лимерицк
rifle,рифле
badagoni,бадагони
cillit,циллит
bella,белла
schonfeld,счонфелд
green,греен
rico leo,рицо лео
ollin megapolis,оллин мегаполис
salag,салаг
golf,голф
cats best,цац бест
tramontina,трамонтина
ecco,еццо
valori,валори
peli,пели
remmers,реммерс
treaclemoon,треацлемоон
sense asia,сенсе асиа
levrana,леврана
camel,цамел
dover,довер
tikkurila,тиккурила
sanvigilio,санвигилио
novosvit,новосвит
7days,7даыс
kim tec,ким тец
kwelt,кwелт
proplan,проплан
lastiks,ластикс
provance,прованце
magic tale,магиц тале
today,тодаы
lindt,линдт
red line,ред лине
vernel,вернел
president fish,пресидент фиш
hottek,хоттек
opium,опиум
pro,про
bridgestone,бридгестоне
doctor august,доцтор аугуст
laplandic,лапландиц
varta,варта
mocha,моча
vigo,виго
velina fabbiano,велина фаббиано
resalt,ресалт
puff bar plus,пуфф бар плус
telefunken,телефункен
chist,чист
benatek,бенатек
delight,делигхт
acv,ацв
klebebander,клебебандер
viu manent,виу манент
furla,фурла
funny bears,фунны беарс
de cecco,де цеццо
clipso,цлипсо
casa moda,цаса мода
fox-cub,фоx-цуб
nordkapp,нордкапп
primewrite,примеwрите
sisquera,сисqуера
vinho verde,винхо верде
vic,виц
ryvita,рывита
wizzart,wиззарт
moog,моог
catlin,цатлин
dettol,деттол
mole vita,моле вита
hpx,хпx
perwoll,перwолл
mercusys,мерцусыс
gerber,гербер
tensy,тенсы
ollin care,оллин царе
shs,шс
handers,хандерс
midori,мидори
sadipal,садипал
elvin,елвин
beaphar,беапхар
e-on,е-он
funcolor,фунцолор
vipe,випе
wrangler,wранглер
gefest,гефест
hc,хц
columbia,цолумбиа
kupiec,купиец
thunder,тхундер
demix,демиx
bitumast,битумаст
delser,делсер
salem ceniza,салем цениза
zonin,зонин
tdm,тдм
blukids,блукидс
gebo,гебо
clearblue,цлеарблуе
ramarim,рамарим
sivera,сивера
gosser,госсер
arya,арыа
hikvision,хиквисион
joy,йоы
grand gift,гранд гифт
lyon,лыон
tp-link,тп-линк
fentimans,фентиманс
mort subite,морт субите
leto,лето
greenini,греенини
vegeta,вегета
birgit braunstein,биргит браунстеин
pirelli,пирелли
mauro,мауро
maltagliati,малтаглиати
glenfiddich,гленфиддич
staropramen,старопрамен
salton,салтон
fora atlant,фора атлант
mepps,меппс
coincasa,цоинцаса
miles,милес
hayabusa,хаыабуса
kremlin award,кремлин аwард
diwari,диwари
drive me,дриве ме
food & wine,фоод & wине
4 сезона,4 сезона
bebe,бебе
digma,дигма
kotex,котеx
mountain dew,моунтаин деw
tiffosi,тиффоси
ahmad tea,ахмад теа
paseo,пасео
delaware,делаwаре
rossinka,россинка
burn,бурн
amro,амро
vitalat,виталат
olki,олки
lilo,лило
ulrich,улрич
kolner,колнер
mutti,мутти
chicco,чиццо
yl,ыл
park,парк
gloria jeans,глориа йеанс
lomond,ломонд
lui,луи
blanco,бланцо
callebaut,цаллебаут
evergreen,евергреен
purina,пурина
liza,лиза
myran tuna lax,мыран туна лаx
ernesto dolani,ернесто долани
blistex,блистеx
lay's,лаыЬс
finlandia,финландиа
trout pro,троут про
lyra,лыра
x-line,x-лине
viega,виега
bazar,базар
lex,леx
valigetti,валигетти
mf,мф
yes's,ыесЬс
norma torro,норма торро
indigo,индиго
fluffy,флуффы
ahya,ахыа
jeju,йею
skk,скк
mang,манг
mr.fresh,мр.фреш
3w clinic,3w цлиниц
towel,тоwел
mark,марк
yocuru,ыоцуру
vanger,вангер
morrah,моррах
ryobi,рыоби
toho,тохо
ilsa,илса
bizon,бизон
contex,цонтеx
parker & simpson,паркер & симпсон
harvest,харвест
hi-gear,хи-геар
spine,спине
valio,валио
triumph,триумпх
kenwood,кенwоод
le vernis,ле вернис
mos,мос
dyson,дысон
cat chow,цат чоw
teatro,театро
dark side,дарк сиде
vivat,виват
dior,диор
republic friends,републиц фриендс
kitchen craft,китчен црафт
wilie,wилие
bgn,бгн
ld,лд
maxilife,маxилифе
elikor,еликор
smartbuy,смартбуы
qwentiny,qwентины
alibem,алибем
posca,посца
new wallet,неw wаллет
probalance,пробаланце
syltan,сылтан
lacalut,лацалут
viatti,виатти
fabi,фаби
kisskiss,кисскисс
pre amino,пре амино
brugse zot,бругсе зот
spa by lara,спа бы лара
selfielab,селфиелаб
vitacci,витацци
pilenga,пиленга
devente,девенте
intimissimi,интимиссими
miamitats,миамитац
sen soy,сен соы
quattrocomforto,qуаттроцомфорто
darvita,дарвита
captain morgan,цаптаин морган
yandex,ыандеx
la maison,ла маисон
choco pie,чоцо пие
chio,чио
mexidol dent,меxидол дент
sermija,сермия
sprut,спрут
salonpas,салонпас
mauxion,мауxион
baby go,бабы го
norma,норма
panchic,панчиц
flosstik,флосстик
js asakashi,йс асакаши
belissimo,белиссимо
foco,фоцо
vozwooden,возwооден
casademont,цасадемонт
masuma,масума
jack wolfskin,яцк wолфскин
parfix,парфиx
grifon,грифон
glims,глимс
dim,дим
sveza,свеза
sky,скы
frenchi,френчи
animals,анималс
mayoral,маыорал
patida,патида
mirinda,миринда
helena berger,хелена бергер
elite palermo,елите палермо
bounty,боунты
milka,милка
mars,марс
slazenger,слазенгер
dulux,дулуx
slim,слим
inferno,инферно
alessandro manzoni,алессандро манзони
uragan,ураган
conte,цонте
brontek,бронтек
veronese,веронесе
familia plus,фамилиа плус
gehwol,гехwол
kenka,кенка
vaer,ваер
darы,дары
jog dog,йог дог
kovis,ковис
td,тд
bkt,бкт
wag,wаг
gt,гт
bionorica,бионорица
videx,видеx
lux,луx
homecolor,хомецолор
vankasar,ванкасар
x-one,x-оне
orico,орицо
storage,стораге
sultan,султан
discreet,дисцреет
sayuri,саыури
crocs,цроцс
metta,метта
hennessy,хеннессы
manly pro,манлы про
anta,анта
glo,гло
hooch,хооч
omax,омаx
gusi,гуси
pringles,принглес
tarrington house,таррингтон хоусе
profitto,профитто
nigrin,нигрин
minamoto,минамото
rush hour,руш хоур
ihome,ихоме
frups,фрупс
swift,сwифт
omron,омрон
brewlok,бреwлок
brush,бруш
kraft,крафт
mp,мп
svetocopy,светоцопы
amazfit,амазфит
oui,оуи
kixx,киxx
aronyx,ароныx
ntn,нтн
maitre truffout,маитре труффоут
aries,ариес
bruno visconti,бруно висцонти
segafredo,сегафредо
leila,леила
toko,токо
voil,воил
integrita,интегрита
valena,валена
cellcosmet,целлцосмет
rowenta,роwента
neo feet,нео феет
firewood,фиреwоод
janita,янита
cornline,цорнлине
royal nut,роыал нут
uno momento,уно моменто
tresemme,тресемме
ice&high,ице&хигх
arcasa,арцаса
pilots,пилоц
blitz,блитз
toy,тоы
smile,смиле
usp,усп
wiiix,wиииx
s.oliver,с.оливер
lada,лада
cannondale,цаннондале
dr. diesel,др. диесел
canon,цанон
drift,дрифт
gac,гац
3m,3м
verossa reticolo,веросса ретицоло
orbit,орбит
ucla,уцла
boombastik,боомбастик
nestle,нестле
katy perry,каты перры
pulse,пулсе
phoenix,пхоениx
flash,флаш
bud,буд
happy box,хаппы боx
office point,оффице поинт
love moschino,лове мосчино
atributika & club,атрибутика & цлуб
bhs,бхс
holmans,холманс
vegas,вегас
oxion,оxион
veritas,веритас
baden,баден
addi,адди
kopparberg,коппарберг
eva smart,ева смарт
premiata,премиата
vladi toys,влади тоыс
dunlop,дунлоп
hegel,хегел
elporta,елпорта
lavanta,лаванта
remington,ремингтон
somat,сомат
college,цоллеге
rivage line,риваге лине
d&m,д&м
idemitsu,идемицу
archie,арчие
parker,паркер
constant delight,цонстант делигхт
letto,летто
g-case,г-цасе
alatoys,алатоыс
alta,алта
vitek,витек
megapolis,мегаполис
beluga,белуга
picasso,пицассо
doctor's best,доцторЬс бест
zalman,залман
rasa,раса
miami,миами
volsten,волстен
zommer,зоммер
mann-filter,манн-филтер
hard cook,хард цоок
fix price,фиx прице
dr. oetker,др. оеткер
hoegert,хоегерт
blazer,блазер
stayer,стаыер
glamour edera,гламоур едера
fizzy,физзы
bene,бене
sanetta,санетта
sichel,сичел
favorite,фаворите
tommy jeans,томмы йеанс
kitekat,китекат
la florentina,ла флорентина
daniel wellington,даниел wеллингтон
romana,романа
era,ера
parmalat,пармалат
grott,гротт
schneider,счнеидер
stabilo,стабило
pago,паго
hame,хаме
torioni,ториони
dreamies,дреамиес
whs,wхс
erke,ерке
marvo,марво
alaryk,аларык
white elephant,wхите елепхант
steppenwolf,степпенwолф
marco tozzi,марцо тоззи
bouquet,боуqует
snowter,сноwтер
heinz,хеинз
novi,нови
tekmar,текмар
fisherbox,фишербоx
yupi,ыупи
my world,мы wорлд
divella,дивелла
termaflex,термафлеx
actimel,ацтимел
crazy,цразы
gelly roll,геллы ролл
oliva,олива
glove me,глове ме
milana,милана
tezenis,тезенис
rieker,риекер
dr.oetker,др.оеткер
promega,промега
pc pet,пц пет
la sirene,ла сирене
sins,синс
marlboro gold,марлборо голд
elises,елисес
5 дней,5 дней
wahler,wахлер
amidis,амидис
armani,армани
nord,норд
santa maria,санта мариа
ulet,улет
febest,фебест
dali,дали
haribo,харибо
iddis,иддис
chanel,чанел
fido,фидо
curtis,цуртис
lezard,лезард
love is,лове ис
joanna,йоанна
colorf,цолорф
aquamagic,аqуамагиц
dilligen,диллиген
arcades,арцадес
dewalt dwe,деwалт дwе
prysmian,прысмиан
yaqin,ыаqин
melado,меладо
revell,ревелл
philip morris,пхилип моррис
limited rebels,лимитед ребелс
unidelta,униделта
gohnsons&baby,гохнсонс&бабы
santavik,сантавик
gulliver,гулливер
grease,греасе
tech-top,теч-топ
favo,фаво
wang prom,wанг пром
anika,аника
milan,милан
holty,холты
abus,абус
erika,ерика
cacharel,цачарел
colin's,цолинЬс
starline,старлине
disney,диснеы
areon,ареон
roya,роыа
rigo rigo,риго риго
royal clima,роыал цлима
tombow,томбоw
varfetto,варфетто
magic bits,магиц биц
kerry,керры
kew,кеw
axent,аxент
safeguard,сафегуард
grandorf,грандорф
rukka,рукка
speedhiker,спеедхикер
awm,аwм
les tropeziennes,лес тропезиеннес
hydrogen,хыдроген
maxtime,маxтиме
clan de file,цлан де филе
strike,стрике
domo,домо
pro pedicure,про педицуре
zebra,зебра
east coast,еаст цоаст
maxleo,маxлео
hoegaarden,хоегаарден
vetonit,ветонит
versace,версаце
racionika,рационика
donella,донелла
chesnee,чеснее
molimed,молимед
a passion play,а пассион плаы
sn soul tips,сн соул типс
crosby,цросбы
sporting,спортинг
evis,евис
puma,пума
hayas,хаыас
adelia,аделиа
capri,цапри
buon latte,буон латте
liu jo,лиу йо
bistrong,бистронг
dafmi,дафми
coris,цорис
green belt,греен белт
bozita,бозита
digesta,дигеста
vieno,виено
g teq,г теq
azard,азард
sonwelle,сонwелле
fackelmann,фацкелманн
ginger ale,гингер але
bombbar,бомббар
higeniq,хигениq
kanzy,канзы
stihl,стихл
provoc,провоц
active sword,ацтиве сwорд
weissgauff,wеиссгауфф
i-tech,и-теч
renz,ренз
cropp,цропп
aviko,авико
attache,аттаче
goodmark,гоодмарк
animonda,анимонда
bestex,бестеx
acme,ацме
repost,репост
undurraga,ундуррага
oeme,оеме
silapro,силапро
doppler,допплер
oilright,оилригхт
teahon,теахон
eos pods,еос подс
maje,майе
mamba,мамба
keter,кетер
avaira vitality,аваира виталиты
spectrum,спецтрум
amstel,амстел
meller,меллер
bv,бв
pepsi,пепси
blaze,блазе
pilot,пилот
tonak,тонак
sinar,синар
lider standart,лидер стандарт
gp,гп
secretskin,сецрецкин
baldinini,балдинини
noche mio,ноче мио
roubloff,роублофф
higear,хигеар
best,бест
de vente,де венте
ekoplastik,екопластик
home color,хоме цолор
grassan,грассан
faber castell,фабер цастелл
belvita,белвита
guess,гуесс
care metix,царе метиx
tigi,тиги
nadoba,надоба
ero,еро
bali hai,бали хаи
sweep,сwееп
cle,цле
scarlett,сцарлетт
bright colors,бригхт цолорс
fabio,фабио
millimi,миллими
gewurztraminer,геwурзтраминер
top choice,топ чоице
torro,торро
finish,финиш
icare,ицаре
mixers,миxерс
hetrego,хетрего
purina one,пурина оне
pasta del capitano,паста дел цапитано
jarko,ярко
mobyjumper,мобыюмпер
sven,свен
bohe,бохе
viatti bosco nordico,виатти босцо нордицо
ideal,идеал
chou,чоу
legend,легенд
olsen,олсен
hobby line,хоббы лине
resonans,ресонанс
uliss,улисс
fabretti,фабретти
fructis,фруцтис
white house,wхите хоусе
elc,елц
corona extra,цорона еxтра
siemens,сиеменс
cofefardo,цофефардо
royal farm,роыал фарм
aussie,ауссие
costa,цоста
zeus,зеус
decoretto,децоретто
ultima,ултима
collagen,цоллаген
bourjois,боурйоис
leo,лео
home cafe,хоме цафе
glamour,гламоур
finn crisp,финн црисп
ecotex,ецотеx
jinro,йинро
tfn,тфн
schneider weisse,счнеидер wеиссе
pioneer,пионеер
attache deli,аттаче дели
cafe mimi,цафе мими
daily hookah,даилы хооках
al fakher,ал факхер
landliebe,ландлиебе
kotanyi,котаныи
ngn,нгн
creamzy,цреамзы
anis,анис
meitesi,меитеси
oracal,орацал
power torr,поwер торр
inseense,инсеенсе
pertini,пертини
vlx,влx
starbucks,старбуцкс
cardhu,цардху
whirl power,wхирл поwер
ingarden,ингарден
crown,цроwн
fuzetea,фузетеа
old spice,олд спице
phibo,пхибо
pharmado,пхармадо
easy spa,еасы спа
very,веры
vero moda,веро мода
reid,реид
freeman,фрееман
denzel,дензел
siaflex,сиафлеx
dolce cuore,долце цуоре
jumbo cola,юмбо цола
sisley,сислеы
glaxo wellcome production,глаxо wеллцоме продуцтион
stef,стеф
isabella,исабелла
normex,нормеx
doria maria,дориа мариа
timotei,тимотеи
airwick,аирwицк
oyea,оыеа
elskin,елскин
bon chance,бон чанце
tenrad,тенрад
color expert,цолор еxперт
andwa,андwа
kato,като
gah alberts,гах алберц
bragman,брагман
victoria stenova,вицториа стенова
aqua,аqуа
terra delyssa,терра делысса
santeri,сантери
nota bene,нота бене
harp,харп
lucky,луцкы
atto,атто
giudi,гиуди
nd play,нд плаы
minimi,миними
domaine des chanssaud,домаине дес чанссауд
ytop,ытоп
niagara,ниагара
kleo,клео
fitstart,фицтарт
ray-ban,раы-бан
camelia,цамелиа
daewoo,даеwоо
dr. clean,др. цлеан
clarins,цларинс
handex,хандеx
kutahya,кутахыа
setra,сетра
lara,лара
amado,амадо
asd,асд
itely hairfashion,ителы хаирфашион
york,ыорк
gosbi fresko,госби фреско
hillway,хиллwаы
sparkling,спарклинг
roxy foxy,роxы фоxы
professional touch,профессионал тоуч
sergio dallini,сергио даллини
ceratech,цератеч
wella,wелла
vilatte,вилатте
in home,ин хоме
grater,гратер
officine creativ,оффицине цреатив
five,фиве
outfresh,оутфреш
dalla costa,далла цоста
velmont,велмонт
mobihel,мобихел
metabo,метабо
ramon bilbao,рамон билбао
splash,сплаш
din,дин
uncle ben's,унцле бенЬс
okf,окф
hiper,хипер
rio profi,рио профи
crystals,црысталс
trialli,триалли
sibylla,сибылла
iek,иек
doc,доц
mon rulon,мон рулон
chic de femme,чиц де фемме
schauma,счаума
baron g. legrand,барон г. легранд
alce nero,алце неро
kodak,кодак
nyakers,ныакерс
maxima,маxима
dove,дове
nutram,нутрам
grey goose,греы гоосе
voimix,воимиx
paprichi,папричи
roxy,роxы
marhatter,мархаттер
comet,цомет
cykoria,цыкориа
lekstore,лексторе
aowei,аоwеи
floresan,флоресан
duru,дуру
athus,атхус
santa cristina,санта цристина
neos,неос
static control,статиц цонтрол
bian,биан
uno,уно
hunkemoller,хункемоллер
ultra whey,ултра wхеы
cap horn,цап хорн
asics,асицс
logro,логро
paper art,папер арт
mann,манн
courvoisier,цоурвоисиер
erdinger,ердингер
nsp,нсп
epika,епика
piquadro,пиqуадро
chesterfild,честерфилд
suggestion du chef,суггестион ду чеф
severina,северина
lost ink,лост инк
caroline bay,царолине баы
maunfeld,маунфелд
revi silk,реви силк
ika,ика
bucovice,буцовице
la vieille tour,ла виеилле тоур
stream,стреам
tulips tools,тулипс тоолс
lg,лг
ronnefeldt,роннефелдт
zeruko,зеруко
orijen,орийен
davidoff,давидофф
borges,боргес
ecoline,ецолине
lipude,липуде
altero,алтеро
tymbark,тымбарк
rich john richmond,рич йохн ричмонд
mon,мон
manchester,манчестер
tech line,теч лине
richmann,ричманн
j.maki,й.маки
stairs,стаирс
breesal,бреесал
o`stin,о`стин
hot pot,хот пот
eukanuba,еукануба
splat,сплат
matti,матти
krombacher,кромбачер
brewdog,бреwдог
trw,трw
tama,тама
bunio,бунио
profit,профит
badoit,бадоит
kenda,кенда
okla,окла
prikinder,прикиндер
most,мост
royal mediterranean,роыал медитерранеан
silver spoon,силвер споон
vinedos puertas,винедос пуертас
shunga,шунга
sf,сф
weiserhouse,wеисерхоусе
rich family,рич фамилы
essa,есса
nutella,нутелла
cam,цам
agama,агама
navitel,навител
sorbet,сорбет
rossvik,россвик
lider,лидер
lotte,лотте
spaten,спатен
powerball,поwербалл
legend steel,легенд стеел
baileys,баилеыс
up go,уп го
bris,брис
phix,пхиx
unik light,уник лигхт
mijin,мийин
bandit,бандит
modelini,моделини
guess jeans,гуесс йеанс
soudal,соудал
barilla,барилла
3ton,3тон
vera,вера
proteinrex,протеинреx
ti,ти
pampers,памперс
veefoss,веефосс
lammin,ламмин
shu,шу
nautilus,наутилус
fish season,фиш сеасон
little greene,литтле греене
maison margiela,маисон маргиела
hochland,хочланд
shansita,шансита
nescafe,несцафе
regina,регина
stella artois,стелла артоис
aos,аос
maneki,манеки
bartex,бартеx
unipak,унипак
ralph lauren,ралпх лаурен
scrinova,сцринова
money&you,монеы&ыоу
hiedler,хиедлер
schmetz,счметз
konti,конти
roxy kids,роxы кидс
kalev,калев
volfas engelman,волфас енгелман
bremax,бремаx
sairme,саирме
viva,вива
el circo,ел цирцо
387,387
colorito,цолорито
irisk,ириск
baker house,бакер хоусе
president,пресидент
vittoria vicci,витториа вицци
remocolor,ремоцолор
delphi,делпхи
talkberg,талкберг
yato,ыато
rexona,реxона
kellogg's,келлоггЬс
chefs choice,чефс чоице
lenor,ленор
gakkard,гаккард
aqualine,аqуалине
dunaev,дунаев
sofi,софи
dymo,дымо
inspire,инспире
glor,глор
sursil ortho,сурсил ортхо
head&shoulders,хеад&шоулдерс
rabbit park,раббит парк
hoyt hunter,хоыт хунтер
lego,лего
benovy,беновы
twix,тwиx
sweeto,сwеето
mini free,мини фрее
g-balance,г-баланце
artex,артеx
vodotok,водоток
swfs,сwфс
calvin klein jeans,цалвин клеин йеанс
besini,бесини
cross street,цросс стреет
toyo,тоыо
bergauf,бергауф
total,тотал
seni,сени
brooklyn lager,брооклын лагер
jack & jones,яцк & йонес
naturino,натурино
libhof,либхоф
reebok,реебок
bloom,блоом
nemiroff,немирофф
911 ваша служба спасения,911 ваша служба спасения
mirey,миреы
arbacom,арбацом
max,маx
uppetit,уппетит
hobbybe,хоббыбе
kuhne,кухне
angry sour,ангры соур
savonry,савонры
jeremias,йеремиас
swiss image,сwисс имаге
i'm nude,иЬм нуде
vanilla,ванилла
elseve,елсеве
poxipol,поxипол
enva,енва
ps,пс
arus,арус
dilmah,дилмах
aeronautica militare,аеронаутица милитаре
minimi lucia,миними луциа
paper mate,папер мате
cesar,цесар
anfeiya,анфеиыа
r.o.c.s.,р.о.ц.с.
chesterfield,честерфиелд
fuze,фузе
m&m's,м&мЬс
olvist,олвист
coyote,цоыоте
ssangyong,ссангыонг
one,оне
navigator,навигатор
uplast,упласт
fumari,фумари
elan,елан
listerine,листерине
laimon orange,лаимон оранге
vertex,вертеx
autoluxe,аутолуxе
kr,кр
soline charms,солине чармс
alpro,алпро
only & sons,онлы & сонс
mavi,мави
yves saint laurent,ывес саинт лаурент
abro,абро
karl fazer,карл фазер
ski race,ски раце
new galaxy,неw галаxы
t-sod,т-сод
zlatkа,златка
ambi pur,амби пур
omniplast,омнипласт
luсky,лускы
rolf club,ролф цлуб
gurmina,гурмина
vittorio richi,витторио ричи
thomas rabe,тхомас рабе
dorothy perkins,доротхы перкинс
lavazza,лавазза
bonduelle,бондуелле
gina dog,гина дог
gigaset,гигасет
millennium,милленниум
qvs,qвс
mt compact blue,мт цомпацт блуе
super wings,супер wингс
neroli sauvage,нероли сауваге
aska,аска
chaokon,чаокон
dary natury,дары натуры
mikrotik,микротик
i can't fix stupid,и цанЬт фиx ступид
hatchimals,хатчималс
camelion,цамелион
aqua minerale,аqуа минерале
aziano,азиано
dino bigioni,дино бигиони
cerruti 1881,церрути 1881
ballu,баллу
bubo,бубо
luxvisage,луxвисаге
layer,лаыер
hem,хем
dikson,диксон
vuokkoset,вуоккосет
came,цаме
1toy,1тоы
juicy fruit,юицы фруит
eco chic,ецо чиц
eurolux,еуролуx
lemark,лемарк
fizz,физз
prima blonde,прима блонде
aqua fit,аqуа фит
fuleren,фулерен
aviora,авиора
tuborg,туборг
mell,мелл
mojo cacao,мойо цацао
finland,финланд
tuc,туц
ecos,ецос
lang qi,ланг qи
sando,сандо
primrose,примросе
catch,цатч
valtec,валтец
olga berg,олга берг
allure,аллуре
basic,басиц
ergoforma,ергоформа
mann cuk,манн цук
pull&bear,пулл&беар
gliss kur,глисс кур
koti,коти
garibaldi,гарибалди
gwt,гwт
hoop,хооп
fopos,фопос
wog,wог
advics,адвицс
brusko salt,бруско салт
mire,мире
hama,хама
zvezda,звезда
cold steel,цолд стеел
jonnesway,йоннесwаы
ultramounts,ултрамоунц
tytan professional,тытан профессионал
handy,ханды
joma,йома
pantene,пантене
ani,ани
star,стар
foodex,фоодеx
vichy,вичы
dogger,доггер
marukawa,марукаwа
labas rytas,лабас рытас
monge,монге
avon,авон
tundra,тундра
relax,релаx
inbloom,инблоом
telle,телле
titbit,титбит
zewa,зеwа
kason,касон
head & shoulders,хеад & шоулдерс
fine life,фине лифе
mango,манго
compliment,цомплимент
henderson,хендерсон
merc,мерц
balea,балеа
zeugma,зеугма
bueno,буено
savic,савиц
ledeme,ледеме
veet,веет
fome flex,фоме флеx
3 корочки,3 корочки
ardell,арделл
sabbat,саббат
beauty&care,беауты&царе
belberg,белберг
forte alto,форте алто
novocraft,новоцрафт
arla natura,арла натура
hozelock,хозелоцк
black diamond,блацк диамонд
foammen,фоаммен
twins,тwинс
max&co,маx&цо
benetton,бенеттон
makroflex,макрофлеx
homsu,хомсу
yporque,ыпорqуе
hydrafacial,хыдрафациал
honor,хонор
mark formelle,марк формелле
balloon,баллоон
the kravets,тхе кравец
luxe,луxе
edding,еддинг
neomid,неомид
arnak,арнак
brancott estate,бранцотт естате
bite,бите
delicare,делицаре
panorama,панорама
aloe,алое
fini,фини
viserdi,висерди
almo nature,алмо натуре
leek,леек
ir,ир
petalo,петало
loriot,лориот
philips morris,пхилипс моррис
nina farina,нина фарина
crazy zebra,цразы зебра
lindsay,линдсаы
sherysheff,шерышефф
milardo,милардо
concept club,цонцепт цлуб
voguese,вогуесе
sloggi,слогги
marshall,маршалл
people,пеопле
raffaello,раффаелло
expert complete,еxперт цомплете
veragio,верагио
farbitex,фарбитеx
nord waters,норд wатерс
vivian royal,вивиан роыал
scarpi,сцарпи
hyundai,хыундаи
dirol,дирол
mega chips,мега чипс
premont,премонт
champ,чамп
solinberg,солинберг
malibri,малибри
up&go,уп&го
digital,дигитал
turkan,туркан
husqvarna,хусqварна
bad drip,бад дрип
daisy,даисы
pola,пола
bemeta retro,бемета ретро
salfeti,салфети
funny ezhik,фунны ежик
ro,ро
continental,цонтинентал
shalbuz,шалбуз
rondo,рондо
mc,мц
gk,гк
belucci,белуцци
interprox,интерпроx
aura,аура
mint,минт
9wishes,9wишес
dimanche lingerie,диманче лингерие
atomic,атомиц
altenburger,алтенбургер
elpaza,елпаза
dushike,душике
alisio,алисио
shot,шот
oxt,оxт
milgurt,милгурт
body pro,боды про
luck,луцк
21 век,21 век
chance,чанце
champion,чампион
willie,wиллие
vrt,врт
adrenaline rush,адреналине руш
dorset,дорсет
koyo,коыо
miller,миллер
quiksilver,qуиксилвер
deloras,делорас
flexoffice,флеxоффице
le clean,ле цлеан
bestway,бестwаы
pocky,поцкы
sfera sveta,сфера света
borjomi,борйоми
rothmans,ротхманс
guppy,гуппы
orange,оранге
dmdbs,дмдбс
gatto matto,гатто матто
herbarium,хербариум
charm,чарм
xiro,xиро
keiko,кеико
dosh,дош
boohoo,боохоо
parisnail,париснаил
orion,орион
matrix,матриx
little one,литтле оне
morera,морера
ecovida,ецовида
mercedes,мерцедес
barex,бареx
tom,том
grattol,граттол
trailhead,траилхеад
eco,ецо
jeanmishel,йеанмишел
vents,венц
coopoliva,цоополива
myllyn paras,мыллын парас
tempest,темпест
tom-miki,том-мики
pingo,пинго
pussy cat,пуссы цат
palizh,палиж
epdm,епдм
royal grill,роыал грилл
yandeix,ыандеиx
telecom,телецом
red bull,ред булл
chianti,чианти
finn flare,финн фларе
grouper,гроупер
skyway,скыwаы
madam t,мадам т
erborian,ербориан
mis,мис
hobbi,хобби
immuno,иммуно
lindemans,линдеманс
partner,партнер
kitfort,китфорт
lacarino,лацарино
panasonic,панасониц
altacto clay,алтацто цлаы
hein,хеин
taller,таллер
zombie party,зомбие парты
under armour,ундер армоур
spal,спал
nando muzi,нандо музи
berkonty,берконты
stara sokolova,стара соколова
koton,котон
estrella,естрелла
sokolov,соколов
rain,раин
watermark,wатермарк
everyday,еверыдаы
acuvue,ацувуе
inekta,инекта
smille,смилле
organic life,органиц лифе
travel dream,травел дреам
gloves,гловес
jarrkoff,ярркофф
master house,мастер хоусе
gardena,гардена
kormax,кормаx
donewell,донеwелл
haas,хаас
xado,xадо
botaviкоs,ботавикос
sanita,санита
kyocera,кыоцера
cros,црос
dream design,дреам десигн
radius,радиус
tomm,томм
jaws,яwс
gus,гус
osnovo,осново
deluxe,делуxе
intivo,интиво
high waist,хигх wаист
avs atlas,авс атлас
unicum,уницум
confort,цонфорт
rodio craft,родио црафт
mr.painter,мр.паинтер
laco,лацо
may island,маы исланд
artifact,артифацт
feron,ферон
nandan,нандан
boux,боуx
la roche posay,ла роче посаы
defa lucy,дефа луцы
giftмаn,гифтман
kiko milano,кико милано
la suissa,ла суисса
hat,хат
duprais,дупраис
molecola,молецола
prym,прым
bona mente,бона менте
wago,wаго
incity,инциты
shalet,шалет
stefanel,стефанел
marmiton,мармитон
master uni,мастер уни
skittles,скиттлес
jumper,юмпер
predator,предатор
grizzly,гриззлы
patrizia pepe,патризиа пепе
origami,оригами
jetline,йетлине
trashumante,трашуманте
pinotex,пинотеx
mever,мевер
botanic therapy,ботаниц тхерапы
the north face,тхе нортх фаце
carte noire,царте ноире
aqua kratos,аqуа кратос
artshani,арцхани
vitakraft,витакрафт
attack,аттацк
mont blanc,монт бланц
ko&co,ко&цо
cerruti,церрути
yoko,ыоко
fv plast,фв пласт
danone даниссимо,даноне даниссимо
koito,които
g&g,г&г
tetratec,тетратец
jaguar,ягуар
dеli,дели
gas,гас
got2b,гот2б
vacss,вацсс
bad queen,бад qуеен
huawei,хуаwеи
confina,цонфина
kerama marazzi,керама мараззи
glasgow,гласгоw
felisse,фелиссе
ush,уш
ahmad,ахмад
folia,фолиа
smoke fountain,смоке фоунтаин
cricket,црицкет
riviera,ривиера
holba,холба
prestige,престиге
eveline,евелине
pinax,пинаx
hubba bubba,хубба бубба
corte dei rovi raboso,цорте деи рови рабосо
gmd,гмд
factory studio,фацторы студио
fixsen,фиxсен
force guard,форце гуард
tech-krep,теч-креп
bioteq,биотеq
bbf,ббф
unicorn,уницорн
londa color,лонда цолор
altrovino,алтровино
ross,росс
karcher,карчер
nature's own factory,натуреЬс оwн фацторы
duracell,дурацелл
krolewiec,кролеwиец
mister hammer,мистер хаммер
gustus,густус
abtoys,абтоыс
legutti,легутти
vitaland,виталанд
maccoffee,маццоффее
dickie,дицкие
lf,лф
rimalan,рималан
sintec,синтец
ermanno scervino,ерманно сцервино
formacia,формациа
durex,дуреx
penza beer,пенза беер
skindigm,скиндигм
hp,хп
inwin,инwин
mutlu,мутлу
palmolive,палмоливе
wallace,wаллаце
inter-pak,интер-пак
kugoo,кугоо
honda,хонда
sheba,шеба
smena,смена
ducray,дуцраы
harper,харпер
soter,сотер
gamma,гамма
lirene,лирене
packfilm,пацкфилм
foxlite,фоxлите
double force,доубле форце
chupa chups,чупа чупс
eve,еве
corsocomo,цорсоцомо
v-line,в-лине
ekf,екф
expedition,еxпедитион
mr. ricco,мр. риццо
arma,арма
zahringer,захрингер
bestoff,бестофф
braun,браун
petstages,пецтагес
jurg,юрг
staff,стафф
nitto,нитто
brembo,брембо
resinart,ресинарт
vulpes,вулпес
day spa,даы спа
hegler,хеглер
bionatura,бионатура
colacao,цолацао
kapous,капоус
jasmin,ясмин
naturelia,натурелиа
nioxin,ниоxин
boyscout,боысцоут
autoprofi,аутопрофи
killer,киллер
biofa,биофа
kiss,кисс
noryalli,норыалли
neolux,неолуx
lorenz,лоренз
enchantimals,енчантималс
sl,сл
bars silver,барс силвер
city,циты
snickers,сницкерс
majesty,майесты
iblues,иблуес
atmosphere,атмоспхере
borofone,борофоне
bernal,бернал
mio,мио
lanix m,ланиx м
becherovka,бечеровка
limoni,лимони
babolat,баболат
danone,даноне
armed,армед
enjoin,енйоин
aeg,аег
sweet dreams,сwеет дреамс
sicilia,сицилиа
w.wegener,w.wегенер
jelly belly,йеллы беллы
belbagno,белбагно
zebratoys,зебратоыс
topface,топфаце
nesti dante,нести данте
dairos,даирос
corvina,цорвина
finca del sol,финца дел сол
htem,хтем
barbara,барбара
bondibon,бондибон
wolta,wолта
librederm,либредерм
milly milky,миллы милкы
sram,срам
lavr,лавр
a-zn,а-зн
velkopopovicky kozel,велкопоповицкы козел
samsung,самсунг
a + more,а + море
artdeco,артдецо
lamirel,ламирел
donati,донати
puzzle,пуззле
paderborner,падерборнер
sheer lady,шеер лады
kappa,каппа
savarra,саварра
golden lady,голден лады
ritter,риттер
mirka,мирка
white line,wхите лине
richardson sheffield,ричардсон шеффиелд
lil,лил
safety,сафеты
vira,вира
pulpy,пулпы
vien,виен
beefeater,беефеатер
big,биг
pollini,поллини
rutex,рутеx
fiskars,фискарс
daribar,дарибар
hempz,хемпз
sfm,сфм
teckel,тецкел
meteorite,метеорите
qualita,qуалита
labbra,лаббра
chateau haut-madrac,чатеау хаут-мадрац
aqwin,аqwин
esquero,есqуеро
vkl,вкл
kapika,капика
marrey,марреы
gmc,гмц
gauss,гаусс
leon,леон
silvano,силвано
essilor,ессилор
appelish,аппелиш
diva,дива
walker,wалкер
eugenio collavini,еугенио цоллавини
stradivarius,страдивариус
styler botanic,стылер ботаниц
demini,демини
tavropos,тавропос
cactus,цацтус
family and friends,фамилы анд фриендс
rolf,ролф
essence,ессенце
enjoy it,енйоы ит
izi max,изи маx
papouasie,папоуасие
klerk,клерк
replay,реплаы
kleber,клебер
paterra,патерра
patron,патрон
liebherr,лиебхерр
veiro,веиро
aquaprom,аqуапром
whirlpower,wхирлпоwер
godiva,годива
bruto,бруто
sprite,сприте
oven-baked,овен-бакед
hofmann,хофманн
toyota,тоыота
esab,есаб
laime,лаиме
ingrid,ингрид
gresso meridian,грессо меридиан
emb,емб
rocket from the pocket,роцкет фром тхе поцкет
movenpick,мовенпицк
mifine,мифине
mastix,мастиx
pro plan,про план
mirel,мирел
stp,стп
te mata,те мата
gu energy,гу енергы
aquakratos,аqуакратос
motul,мотул
tic tac,тиц тац
schesir,счесир
premial,премиал
chateau marjosse,чатеау марйоссе
gro,гро
tytan,тытан
coppiere,цоппиере
magestic,магестиц
sorbon,сорбон
biomax,биомаx
soleo,солео
redcap,редцап
navien,навиен
lynxauto,лынxауто
musashi,мусаши
gentleman,гентлеман
xiaomi,xиаоми
hobby day,хоббы даы
angelo bonetti,ангело бонетти
tendance,тенданце
city up,циты уп
av,ав
liquitex,лиqуитеx
lunn,лунн
marc o'polo,марц оЬполо
amig,амиг
paul shark,паул шарк
trends brands base,трендс брандс басе
chameleon,чамелеон
apple,аппле
mialt,миалт
ral,рал
biber,бибер
dilvin,дилвин
cleo,цлео
bushido,бушидо
fmark,фмарк
filtek,филтек
perfeo,перфео
mizon,мизон
bluesky,блуескы
nika,ника
yamalube,ыамалубе
deseo,десео
mixx,миxx
mazda,мазда
yplon,ыплон
bubble time,буббле тиме
redd's,реддЬс
kabanos,кабанос
favorit cheese,фаворит чеесе
fuldorn,фулдорн
ajour,айоур
akos,акос
proffi,проффи
apetta,апетта
keitech,кеитеч
hell,хелл
elcon,елцон
nintendo,нинтендо
nobby brenta,ноббы брента
mira,мира
kenzoki,кензоки
fruittella,фруиттелла
matopat,матопат
ozera,озера
vetta,ветта
7-up,7-уп
chamaeleon,чамаелеон
bonne brise,бонне брисе
giuseppe zanotti,гиусеппе занотти
bwy,бwы
polar,полар
optisse,оптиссе
aquafresh,аqуафреш
axe,аxе
herbal essences,хербал ессенцес
askaneli,асканели
canpol babies,цанпол бабиес
metaxa,метаxа
farshe,фарше
fitness time,фитнесс тиме
wula,wула
safe&care,сафе&царе
arco doro,арцо доро
hilltop,хиллтоп
kruger,кругер
jagermeister,ягермеистер
captain black,цаптаин блацк
haan,хаан
jade,яде
lenotti,ленотти
gardex,гардеx
triangle silver,триангле силвер
divonette,дивонетте
winston,wинстон
mr. carving,мр. царвинг
polezzno,полеззно
nilambari,ниламбари
poelsan,поелсан
luisa cerano,луиса церано
sawaday,саwадаы
astrale,астрале
terma,терма
funko,функо
rondell,ронделл
orising,орисинг
laphroaig,лапхроаиг
magical mont blanc,магицал монт бланц
armenium,армениум
darkside,дарксиде
orbi,орби
ymmy professional,ыммы профессионал
giftman,гифтман
campina,цампина
iroke,ироке
universal,универсал
takata,таката
homepet,хомепет
l.o.l.,л.о.л.
coeur joie,цоеур йоие
fanta,фанта
sensuelle,сенсуелле
lentel,лентел
unnika,унника
marta,марта
bosch,босч
brozex,брозеx
plushe,плуше
black monster,блацк монстер
id protect,ид протецт
diemme spirito della tanzania,диемме спирито делла танзаниа
etude,етуде
sharp,шарп
mara,мара
weyermann,wеыерманн
dr. korner,др. корнер
stassen,стассен
elan gallery,елан галлеры
innamore,иннаморе
marks & spencer,маркс & спенцер
aqua resist smoky shadow,аqуа ресист смокы шадоw
john corr,йохн цорр
new line,неw лине
lechuza,лечуза
bottega,боттега
ladina,ладина
centek,центек
lovely,ловелы
hanny,ханны
juicy couture,юицы цоутуре
lazurit,лазурит
osprey,оспреы
kryolan,крыолан
eco botanica,ецо ботаница
slimer,слимер
air wick,аир wицк
liliani,лилиани
monroe,монрое
casilda,цасилда
nilson,нилсон
fila,фила
qnt,qнт
yaman,ыаман
